<?xml version="1.0" encoding="utf-8"?>
<doc>
<assembly><name>BlackFox.FsGetLine</name></assembly>
<members>
<member name="P:BlackFox.FsGetLine.LineEditorState.LastCommand">
<summary>
 Used to implement the Kill semantics (multiple Alt-Ds accumulate)
</summary>
</member>
<member name="P:BlackFox.FsGetLine.LineEditorState.KillBuffer">
<summary>
 The contents of the kill buffer (cut/paste in Emacs parlance)
</summary>
</member>
<member name="P:BlackFox.FsGetLine.LineEditorState.History">
<summary>
 Our object that tracks history
</summary>
</member>
<member name="P:BlackFox.FsGetLine.LineEditorState.EditThread">
<summary>
 The thread where the Editing started taking place
</summary>
</member>
<member name="P:BlackFox.FsGetLine.LineEditorState.SignalExit">
<summary>
 Signal to the caller that the user cancelled either via Ctrl+C or by using Ctrl+D on an empty buffer
</summary>
</member>
<member name="P:BlackFox.FsGetLine.LineEditorState.DoneEditing">
<summary>
 If we are done editing, this breaks the interactive loop
</summary>
</member>
<member name="P:BlackFox.FsGetLine.LineEditorState.MaxRendered">
<summary>
 The maximum length that has been displayed on the screen
</summary>
</member>
<member name="P:BlackFox.FsGetLine.LineEditorState.HomeRow">
<summary>
 The row where we started displaying data.
</summary>
</member>
<member name="P:BlackFox.FsGetLine.LineEditorState.Cursor">
<summary>
 The current cursor position, indexes into &quot;text&quot;, for an index
 into st.RenderedText, use TextToRenderPos
</summary>
</member>
<member name="P:BlackFox.FsGetLine.LineEditorState.ShownPrompt">
<summary>
 The prompt shown to the user.
</summary>
</member>
<member name="P:BlackFox.FsGetLine.LineEditorState.SpecifiedPrompt">
<summary>
 The prompt specified
</summary>
</member>
<member name="P:BlackFox.FsGetLine.LineEditorState.RenderedText">
<summary>
 The text as it is rendered (replaces (char)1 with ^A on display for example).
</summary>
</member>
<member name="P:BlackFox.FsGetLine.LineEditorState.Text">
<summary>
 The text being edited.
</summary>
</member>
<member name="P:BlackFox.FsGetLine.SearchState.Term">
<summary>
 The string being searched for
</summary>
</member>
<member name="P:BlackFox.FsGetLine.SearchState.MatchAt">
<summary>
 The position where we found the match
</summary>
</member>
<member name="P:BlackFox.FsGetLine.SearchState.Direction">
<summary>
 Current search direction
</summary>
</member>
<member name="P:BlackFox.FsGetLine.GetLine.KillBuffer">
<summary>
 The contents of the kill buffer (cut/paste in Emacs parlance)
</summary>
</member>
<member name="P:BlackFox.FsGetLine.GetLine.History">
<summary>
 Our object that tracks history
</summary>
</member>
<member name="P:BlackFox.FsGetLine.GetLineSettings.AutoCompleteEvent">
<summary>
 Invoked when the user requests auto-completion using the tab character
</summary>
</member>
<member name="T:BlackFox.FsGetLine.AnsiControlCodes">
<summary>
 Handle the display of ANSI C0 control characters by prefixing them with &quot;^&quot;
</summary>
</member>
<member name="M:BlackFox.FsGetLine.History.previous(BlackFox.FsGetLine.History.History)">
<summary>
 Returns: a string with the previous line contents, or
 nul if there is no data in the history to move to.
</summary>
</member>
<member name="M:BlackFox.FsGetLine.History.update(System.String,BlackFox.FsGetLine.History.History)">
<summary>
 Updates the current cursor location with the string,
 to support editing of history items.   For the current
 line to participate, an Append must be done before.
</summary>
</member>
<member name="T:BlackFox.FsGetLine.History">
<summary>
 Emulates the bash-like behavior, where edits done to the
 history are recorded
</summary>
</member>
<member name="T:ColoredString.ColoredString">
<summary>
 Support color markers in strings like ^[Red] or ^[Red;Blue] where the first color is
 the foreground and the second the background.
 Color names are the string values of ConsoleColors and the special value &apos;Reset&apos; set
 the corresponding color to the one that was present when the display started.
</summary>
</member>
</members>
</doc>
